date,agent,decision,message
2025-05-01,Human_SPY_BuyHold,"{'weights': {'SPY': 1.0}, 'reason': 'Static human-style benchmark.'}",Human_SPY_BuyHold: leading now; preserving edge. Static human-style benchmark.
2025-05-01,Human_QQQ_BuyHold,"{'weights': {'QQQ': 1.0}, 'reason': 'Static human-style benchmark.'}",Human_QQQ_BuyHold: chasing Human_SPY_BuyHold; target remains 2x. Static human-style benchmark.
2025-05-01,Human_60_40,"{'weights': {'SPY': 0.6, 'TLT': 0.4}, 'reason': 'Static human-style benchmark.'}",Human_60_40: chasing Human_SPY_BuyHold; target remains 2x. Static human-style benchmark.
2025-05-01,Normal_SectorStockAgent,"{'weights': {'PLTR': 0.18, 'LLY': 0.18, 'MA': 0.18, 'ABBV': 0.18, 'V': 0.18}, 'reason': 'Monthly sector momentum with cash buffer.'}",Normal_SectorStockAgent: chasing Human_SPY_BuyHold; target remains 2x. Monthly sector momentum with cash buffer.
2025-05-01,OptionsOnly_NoIntervention,"{'weights': {}, 'options': [{'ticker': 'PLTR', 'allocation': 166.66666666666666, 'direction': 'call'}, {'ticker': 'LLY', 'allocation': 166.66666666666666, 'direction': 'call'}, {'ticker': 'MA', 'allocation': 166.66666666666666, 'direction': 'call'}], 'reason': 'Options-only, no intervention: monthly ATM calls on strongest assets, max 50% premium at risk.'}","OptionsOnly_NoIntervention: chasing Human_SPY_BuyHold; target remains 2x. Options-only, no intervention: monthly ATM calls on strongest assets, max 50% premium at risk."
2025-05-01,Options_RiskRules,"{'weights': {}, 'options': [{'ticker': 'PLTR', 'allocation': 116.66666666666667, 'direction': 'call'}, {'ticker': 'LLY', 'allocation': 116.66666666666667, 'direction': 'call'}, {'ticker': 'MA', 'allocation': 116.66666666666667, 'direction': 'call'}], 'reason': 'Mechanical risk rules: premium risk reduced to 35%; peak-aware capital preservation.'}",Options_RiskRules: chasing Human_SPY_BuyHold; target remains 2x. Mechanical risk rules: premium risk reduced to 35%; peak-aware capital preservation.
2025-05-01,Options_HumanOverseer,"{'weights': {'SPY': 0.15}, 'options': [{'ticker': 'PLTR', 'allocation': 83.33333333333333, 'direction': 'call'}, {'ticker': 'LLY', 'allocation': 83.33333333333333, 'direction': 'call'}, {'ticker': 'MA', 'allocation': 83.33333333333333, 'direction': 'call'}], 'reason': 'Human overseer: approve options but cap premium at 25% and park capital in SPY.'}",Options_HumanOverseer: chasing Human_SPY_BuyHold; target remains 2x. Human overseer: approve options but cap premium at 25% and park capital in SPY.
2025-05-01,Options_CommitteeVeto,"{'weights': {'SPY': 0.35, 'TLT': 0.2}, 'options': [{'ticker': 'PLTR', 'allocation': 33.333333333333336, 'direction': 'call'}, {'ticker': 'LLY', 'allocation': 33.333333333333336, 'direction': 'call'}, {'ticker': 'MA', 'allocation': 33.333333333333336, 'direction': 'call'}], 'reason': 'Committee veto: trend/risk agents warn risk-off, shrink options to 10%.'}","Options_CommitteeVeto: chasing Human_SPY_BuyHold; target remains 2x. Committee veto: trend/risk agents warn risk-off, shrink options to 10%."
2025-05-01,Anything_CrossAssetAgent,"{'weights': {'GLD': 0.19, 'EURUSD=X': 0.19, 'PLTR': 0.19, 'BTC-USD': 0.19, 'LLY': 0.19}, 'reason': 'Cross-asset relative strength: stocks, ETFs, bonds, gold, dollar, FX, crypto.'}","Anything_CrossAssetAgent: chasing Human_SPY_BuyHold; target remains 2x. Cross-asset relative strength: stocks, ETFs, bonds, gold, dollar, FX, crypto."
2025-06-01,Human_SPY_BuyHold,"{'weights': {'SPY': 1.0}, 'reason': 'Static human-style benchmark.'}",Human_SPY_BuyHold: chasing OptionsOnly_NoIntervention; target remains 2x. Static human-style benchmark.
2025-06-01,Human_QQQ_BuyHold,"{'weights': {'QQQ': 1.0}, 'reason': 'Static human-style benchmark.'}",Human_QQQ_BuyHold: chasing OptionsOnly_NoIntervention; target remains 2x. Static human-style benchmark.
2025-06-01,Human_60_40,"{'weights': {'SPY': 0.6, 'TLT': 0.4}, 'reason': 'Static human-style benchmark.'}",Human_60_40: chasing OptionsOnly_NoIntervention; target remains 2x. Static human-style benchmark.
2025-06-01,Normal_SectorStockAgent,"{'weights': {'AVGO': 0.18, 'PLTR': 0.18, 'NVDA': 0.18, 'MSFT': 0.18, 'QQQ': 0.18}, 'reason': 'Monthly sector momentum with cash buffer.'}",Normal_SectorStockAgent: chasing OptionsOnly_NoIntervention; target remains 2x. Monthly sector momentum with cash buffer.
2025-06-01,OptionsOnly_NoIntervention,"{'weights': {}, 'options': [{'ticker': 'AVGO', 'allocation': 135.14231841076597, 'direction': 'call'}, {'ticker': 'PLTR', 'allocation': 135.14231841076597, 'direction': 'call'}, {'ticker': 'NVDA', 'allocation': 135.14231841076597, 'direction': 'call'}], 'reason': 'Options-only, no intervention: monthly ATM calls on strongest assets, max 50% premium at risk.'}","OptionsOnly_NoIntervention: leading now; preserving edge. Options-only, no intervention: monthly ATM calls on strongest assets, max 50% premium at risk."
2025-06-01,Options_RiskRules,"{'weights': {}, 'options': [{'ticker': 'AVGO', 'allocation': 101.21973602127531, 'direction': 'call'}, {'ticker': 'PLTR', 'allocation': 101.21973602127531, 'direction': 'call'}, {'ticker': 'NVDA', 'allocation': 101.21973602127531, 'direction': 'call'}], 'reason': 'Mechanical risk rules: premium risk reduced to 35%; peak-aware capital preservation.'}",Options_RiskRules: chasing OptionsOnly_NoIntervention; target remains 2x. Mechanical risk rules: premium risk reduced to 35%; peak-aware capital preservation.
2025-06-01,Options_HumanOverseer,"{'weights': {'SPY': 0.15}, 'options': [{'ticker': 'AVGO', 'allocation': 76.07682529320518, 'direction': 'call'}, {'ticker': 'PLTR', 'allocation': 76.07682529320518, 'direction': 'call'}, {'ticker': 'NVDA', 'allocation': 76.07682529320518, 'direction': 'call'}], 'reason': 'Human overseer: approve options but cap premium at 25% and park capital in SPY.'}",Options_HumanOverseer: chasing OptionsOnly_NoIntervention; target remains 2x. Human overseer: approve options but cap premium at 25% and park capital in SPY.
2025-06-01,Options_CommitteeVeto,"{'weights': {'SPY': 0.2}, 'options': [{'ticker': 'AVGO', 'allocation': 113.44154923722424, 'direction': 'call'}, {'ticker': 'PLTR', 'allocation': 113.44154923722424, 'direction': 'call'}, {'ticker': 'NVDA', 'allocation': 113.44154923722424, 'direction': 'call'}], 'reason': 'Committee veto: options proposal approved with stock hedge and reduced premium.'}",Options_CommitteeVeto: chasing OptionsOnly_NoIntervention; target remains 2x. Committee veto: options proposal approved with stock hedge and reduced premium.
2025-06-01,Anything_CrossAssetAgent,"{'weights': {'AVGO': 0.19, 'PLTR': 0.19, 'NVDA': 0.19, 'MSFT': 0.19, 'QQQ': 0.19}, 'reason': 'Cross-asset relative strength: stocks, ETFs, bonds, gold, dollar, FX, crypto.'}","Anything_CrossAssetAgent: chasing OptionsOnly_NoIntervention; target remains 2x. Cross-asset relative strength: stocks, ETFs, bonds, gold, dollar, FX, crypto."
2025-07-01,Human_SPY_BuyHold,"{'weights': {'SPY': 1.0}, 'reason': 'Static human-style benchmark.'}",Human_SPY_BuyHold: chasing Options_CommitteeVeto; target remains 2x. Static human-style benchmark.
2025-07-01,Human_QQQ_BuyHold,"{'weights': {'QQQ': 1.0}, 'reason': 'Static human-style benchmark.'}",Human_QQQ_BuyHold: chasing Options_CommitteeVeto; target remains 2x. Static human-style benchmark.
2025-07-01,Human_60_40,"{'weights': {'SPY': 0.6, 'TLT': 0.4}, 'reason': 'Static human-style benchmark.'}",Human_60_40: chasing Options_CommitteeVeto; target remains 2x. Static human-style benchmark.
2025-07-01,Normal_SectorStockAgent,"{'weights': {'AMD': 0.18, 'JPM': 0.18, 'NVDA': 0.18, 'MSFT': 0.18, 'AVGO': 0.18}, 'reason': 'Monthly sector momentum with cash buffer.'}",Normal_SectorStockAgent: chasing Options_CommitteeVeto; target remains 2x. Monthly sector momentum with cash buffer.
2025-07-01,OptionsOnly_NoIntervention,"{'weights': {}, 'options': [{'ticker': 'AMD', 'allocation': 261.6410923083508, 'direction': 'call'}, {'ticker': 'JPM', 'allocation': 261.6410923083508, 'direction': 'call'}, {'ticker': 'NVDA', 'allocation': 261.6410923083508, 'direction': 'call'}], 'reason': 'Options-only, no intervention: monthly ATM calls on strongest assets, max 50% premium at risk.'}","OptionsOnly_NoIntervention: chasing Options_CommitteeVeto; target remains 2x. Options-only, no intervention: monthly ATM calls on strongest assets, max 50% premium at risk."
2025-07-01,Options_RiskRules,"{'weights': {}, 'options': [{'ticker': 'AMD', 'allocation': 167.54182414327352, 'direction': 'call'}, {'ticker': 'JPM', 'allocation': 167.54182414327352, 'direction': 'call'}, {'ticker': 'NVDA', 'allocation': 167.54182414327352, 'direction': 'call'}], 'reason': 'Mechanical risk rules: premium risk reduced to 35%; peak-aware capital preservation.'}",Options_RiskRules: chasing Options_CommitteeVeto; target remains 2x. Mechanical risk rules: premium risk reduced to 35%; peak-aware capital preservation.
2025-07-01,Options_HumanOverseer,"{'weights': {'SPY': 0.35}, 'options': [{'ticker': 'AMD', 'allocation': 112.21212295797953, 'direction': 'call'}, {'ticker': 'JPM', 'allocation': 112.21212295797953, 'direction': 'call'}, {'ticker': 'NVDA', 'allocation': 112.21212295797953, 'direction': 'call'}], 'reason': 'Human overseer: approve options but cap premium at 25% and park capital in SPY.'}",Options_HumanOverseer: chasing Options_CommitteeVeto; target remains 2x. Human overseer: approve options but cap premium at 25% and park capital in SPY.
2025-07-01,Options_CommitteeVeto,"{'weights': {'SPY': 0.2}, 'options': [{'ticker': 'AMD', 'allocation': 134.846943640096, 'direction': 'call'}, {'ticker': 'JPM', 'allocation': 134.846943640096, 'direction': 'call'}, {'ticker': 'NVDA', 'allocation': 134.846943640096, 'direction': 'call'}], 'reason': 'Committee veto: options proposal approved with stock hedge and reduced premium.'}",Options_CommitteeVeto: leading now; preserving edge. Committee veto: options proposal approved with stock hedge and reduced premium.
2025-07-01,Anything_CrossAssetAgent,"{'weights': {'JPM': 0.19, 'XLK': 0.19, 'AMD': 0.19, 'NVDA': 0.19, 'MSFT': 0.19}, 'reason': 'Cross-asset relative strength: stocks, ETFs, bonds, gold, dollar, FX, crypto.'}","Anything_CrossAssetAgent: chasing Options_CommitteeVeto; target remains 2x. Cross-asset relative strength: stocks, ETFs, bonds, gold, dollar, FX, crypto."
2025-08-01,Human_SPY_BuyHold,"{'weights': {'SPY': 1.0}, 'reason': 'Static human-style benchmark.'}",Human_SPY_BuyHold: chasing OptionsOnly_NoIntervention; target remains 2x. Static human-style benchmark.
2025-08-01,Human_QQQ_BuyHold,"{'weights': {'QQQ': 1.0}, 'reason': 'Static human-style benchmark.'}",Human_QQQ_BuyHold: chasing OptionsOnly_NoIntervention; target remains 2x. Static human-style benchmark.
2025-08-01,Human_60_40,"{'weights': {'SPY': 0.6, 'TLT': 0.4}, 'reason': 'Static human-style benchmark.'}",Human_60_40: chasing OptionsOnly_NoIntervention; target remains 2x. Static human-style benchmark.
2025-08-01,Normal_SectorStockAgent,"{'weights': {'MSFT': 0.18, 'AMD': 0.18, 'NVDA': 0.18, 'PLTR': 0.18, 'JPM': 0.18}, 'reason': 'Monthly sector momentum with cash buffer.'}",Normal_SectorStockAgent: chasing OptionsOnly_NoIntervention; target remains 2x. Monthly sector momentum with cash buffer.
2025-08-01,OptionsOnly_NoIntervention,"{'weights': {}, 'options': [{'ticker': 'AMD', 'allocation': 486.51529853621497, 'direction': 'call'}, {'ticker': 'MSFT', 'allocation': 486.51529853621497, 'direction': 'call'}, {'ticker': 'NVDA', 'allocation': 486.51529853621497, 'direction': 'call'}], 'reason': 'Options-only, no intervention: monthly ATM calls on strongest assets, max 50% premium at risk.'}","OptionsOnly_NoIntervention: leading now; preserving edge. Options-only, no intervention: monthly ATM calls on strongest assets, max 50% premium at risk."
2025-08-01,Options_RiskRules,"{'weights': {'SPY': 0.6, 'TLT': 0.2}, 'options': [], 'reason': 'Mechanical risk rules: 2x reached, lock gains into SPY/TLT and cash.'}","Options_RiskRules: chasing OptionsOnly_NoIntervention; target remains 2x. Mechanical risk rules: 2x reached, lock gains into SPY/TLT and cash."
2025-08-01,Options_HumanOverseer,"{'weights': {'SPY': 0.35}, 'options': [{'ticker': 'AMD', 'allocation': 64.41598855887914, 'direction': 'call'}, {'ticker': 'MSFT', 'allocation': 64.41598855887914, 'direction': 'call'}, {'ticker': 'NVDA', 'allocation': 64.41598855887914, 'direction': 'call'}], 'reason': 'Human overseer: approve options but cap premium at 10% and park capital in SPY.'}",Options_HumanOverseer: chasing OptionsOnly_NoIntervention; target remains 2x. Human overseer: approve options but cap premium at 10% and park capital in SPY.
2025-08-01,Options_CommitteeVeto,"{'weights': {'SPY': 0.55, 'TLT': 0.2, 'GLD': 0.1}, 'options': [], 'reason': 'Committee veto: 2x achieved; human risk manager locks gains.'}",Options_CommitteeVeto: chasing OptionsOnly_NoIntervention; target remains 2x. Committee veto: 2x achieved; human risk manager locks gains.
2025-08-01,Anything_CrossAssetAgent,"{'weights': {'MSFT': 0.19, 'AMD': 0.19, 'XLK': 0.19, 'NVDA': 0.19, 'PLTR': 0.19}, 'reason': 'Cross-asset relative strength: stocks, ETFs, bonds, gold, dollar, FX, crypto.'}","Anything_CrossAssetAgent: chasing OptionsOnly_NoIntervention; target remains 2x. Cross-asset relative strength: stocks, ETFs, bonds, gold, dollar, FX, crypto."
2025-09-01,Human_SPY_BuyHold,"{'weights': {'SPY': 1.0}, 'reason': 'Static human-style benchmark.'}",Human_SPY_BuyHold: chasing Options_CommitteeVeto; target remains 2x. Static human-style benchmark.
2025-09-01,Human_QQQ_BuyHold,"{'weights': {'QQQ': 1.0}, 'reason': 'Static human-style benchmark.'}",Human_QQQ_BuyHold: chasing Options_CommitteeVeto; target remains 2x. Static human-style benchmark.
2025-09-01,Human_60_40,"{'weights': {'SPY': 0.6, 'TLT': 0.4}, 'reason': 'Static human-style benchmark.'}",Human_60_40: chasing Options_CommitteeVeto; target remains 2x. Static human-style benchmark.
2025-09-01,Normal_SectorStockAgent,"{'weights': {'ABBV': 0.18, 'JNJ': 0.18, 'AAPL': 0.18, 'MA': 0.18, 'BAC': 0.18}, 'reason': 'Monthly sector momentum with cash buffer.'}",Normal_SectorStockAgent: chasing Options_CommitteeVeto; target remains 2x. Monthly sector momentum with cash buffer.
2025-09-01,OptionsOnly_NoIntervention,"{'weights': {}, 'options': [{'ticker': 'ABBV', 'allocation': 288.1656445139019, 'direction': 'call'}, {'ticker': 'JNJ', 'allocation': 288.1656445139019, 'direction': 'call'}, {'ticker': 'AAPL', 'allocation': 288.1656445139019, 'direction': 'call'}], 'reason': 'Options-only, no intervention: monthly ATM calls on strongest assets, max 50% premium at risk.'}","OptionsOnly_NoIntervention: chasing Options_CommitteeVeto; target remains 2x. Options-only, no intervention: monthly ATM calls on strongest assets, max 50% premium at risk."
2025-09-01,Options_RiskRules,"{'weights': {'SPY': 0.6, 'TLT': 0.2}, 'options': [], 'reason': 'Mechanical risk rules: 2x reached, lock gains into SPY/TLT and cash.'}","Options_RiskRules: chasing Options_CommitteeVeto; target remains 2x. Mechanical risk rules: 2x reached, lock gains into SPY/TLT and cash."
2025-09-01,Options_HumanOverseer,"{'weights': {'SPY': 0.35}, 'options': [{'ticker': 'ABBV', 'allocation': 59.919074733036695, 'direction': 'call'}, {'ticker': 'JNJ', 'allocation': 59.919074733036695, 'direction': 'call'}, {'ticker': 'AAPL', 'allocation': 59.919074733036695, 'direction': 'call'}], 'reason': 'Human overseer: approve options but cap premium at 10% and park capital in SPY.'}",Options_HumanOverseer: chasing Options_CommitteeVeto; target remains 2x. Human overseer: approve options but cap premium at 10% and park capital in SPY.
2025-09-01,Options_CommitteeVeto,"{'weights': {'SPY': 0.55, 'TLT': 0.2, 'GLD': 0.1}, 'options': [], 'reason': 'Committee veto: 2x achieved; human risk manager locks gains.'}",Options_CommitteeVeto: leading now; preserving edge. Committee veto: 2x achieved; human risk manager locks gains.
2025-09-01,Anything_CrossAssetAgent,"{'weights': {'ABBV': 0.19, 'JNJ': 0.19, 'XLE': 0.19, 'MA': 0.19, 'BAC': 0.19}, 'reason': 'Cross-asset relative strength: stocks, ETFs, bonds, gold, dollar, FX, crypto.'}","Anything_CrossAssetAgent: chasing Options_CommitteeVeto; target remains 2x. Cross-asset relative strength: stocks, ETFs, bonds, gold, dollar, FX, crypto."
2025-10-01,Human_SPY_BuyHold,"{'weights': {'SPY': 1.0}, 'reason': 'Static human-style benchmark.'}",Human_SPY_BuyHold: chasing OptionsOnly_NoIntervention; target remains 2x. Static human-style benchmark.
2025-10-01,Human_QQQ_BuyHold,"{'weights': {'QQQ': 1.0}, 'reason': 'Static human-style benchmark.'}",Human_QQQ_BuyHold: chasing OptionsOnly_NoIntervention; target remains 2x. Static human-style benchmark.
2025-10-01,Human_60_40,"{'weights': {'SPY': 0.6, 'TLT': 0.4}, 'reason': 'Static human-style benchmark.'}",Human_60_40: chasing OptionsOnly_NoIntervention; target remains 2x. Static human-style benchmark.
2025-10-01,Normal_SectorStockAgent,"{'weights': {'ABBV': 0.18, 'AAPL': 0.18, 'JNJ': 0.18, 'PLTR': 0.18, 'JPM': 0.18}, 'reason': 'Monthly sector momentum with cash buffer.'}",Normal_SectorStockAgent: chasing OptionsOnly_NoIntervention; target remains 2x. Monthly sector momentum with cash buffer.
2025-10-01,OptionsOnly_NoIntervention,"{'weights': {}, 'options': [{'ticker': 'ABBV', 'allocation': 463.35245178832355, 'direction': 'call'}, {'ticker': 'AAPL', 'allocation': 463.35245178832355, 'direction': 'call'}, {'ticker': 'JNJ', 'allocation': 463.35245178832355, 'direction': 'call'}], 'reason': 'Options-only, no intervention: monthly ATM calls on strongest assets, max 50% premium at risk.'}","OptionsOnly_NoIntervention: leading now; preserving edge. Options-only, no intervention: monthly ATM calls on strongest assets, max 50% premium at risk."
2025-10-01,Options_RiskRules,"{'weights': {'SPY': 0.6, 'TLT': 0.2}, 'options': [], 'reason': 'Mechanical risk rules: 2x reached, lock gains into SPY/TLT and cash.'}","Options_RiskRules: chasing OptionsOnly_NoIntervention; target remains 2x. Mechanical risk rules: 2x reached, lock gains into SPY/TLT and cash."
2025-10-01,Options_HumanOverseer,"{'weights': {'SPY': 0.5, 'TLT': 0.25, 'GLD': 0.1}, 'options': [], 'reason': 'Human overseer: target reached, approve lock-in and reject new option premium.'}","Options_HumanOverseer: chasing OptionsOnly_NoIntervention; target remains 2x. Human overseer: target reached, approve lock-in and reject new option premium."
2025-10-01,Options_CommitteeVeto,"{'weights': {'SPY': 0.55, 'TLT': 0.2, 'GLD': 0.1}, 'options': [], 'reason': 'Committee veto: 2x achieved; human risk manager locks gains.'}",Options_CommitteeVeto: chasing OptionsOnly_NoIntervention; target remains 2x. Committee veto: 2x achieved; human risk manager locks gains.
2025-10-01,Anything_CrossAssetAgent,"{'weights': {'ABBV': 0.19, 'GLD': 0.19, 'AAPL': 0.19, 'JNJ': 0.19, 'PLTR': 0.19}, 'reason': 'Cross-asset relative strength: stocks, ETFs, bonds, gold, dollar, FX, crypto.'}","Anything_CrossAssetAgent: chasing OptionsOnly_NoIntervention; target remains 2x. Cross-asset relative strength: stocks, ETFs, bonds, gold, dollar, FX, crypto."
2025-11-01,Human_SPY_BuyHold,"{'weights': {'SPY': 1.0}, 'reason': 'Static human-style benchmark.'}",Human_SPY_BuyHold: chasing Options_CommitteeVeto; target remains 2x. Static human-style benchmark.
2025-11-01,Human_QQQ_BuyHold,"{'weights': {'QQQ': 1.0}, 'reason': 'Static human-style benchmark.'}",Human_QQQ_BuyHold: chasing Options_CommitteeVeto; target remains 2x. Static human-style benchmark.
2025-11-01,Human_60_40,"{'weights': {'SPY': 0.6, 'TLT': 0.4}, 'reason': 'Static human-style benchmark.'}",Human_60_40: chasing Options_CommitteeVeto; target remains 2x. Static human-style benchmark.
2025-11-01,Normal_SectorStockAgent,"{'weights': {'AMD': 0.18, 'PLTR': 0.18, 'AAPL': 0.18, 'QQQ': 0.18, 'AVGO': 0.18}, 'reason': 'Monthly sector momentum with cash buffer.'}",Normal_SectorStockAgent: chasing Options_CommitteeVeto; target remains 2x. Monthly sector momentum with cash buffer.
2025-11-01,OptionsOnly_NoIntervention,"{'weights': {}, 'options': [{'ticker': 'AMD', 'allocation': 405.62373463119644, 'direction': 'call'}, {'ticker': 'PLTR', 'allocation': 405.62373463119644, 'direction': 'call'}, {'ticker': 'AAPL', 'allocation': 405.62373463119644, 'direction': 'call'}], 'reason': 'Options-only, no intervention: monthly ATM calls on strongest assets, max 50% premium at risk.'}","OptionsOnly_NoIntervention: chasing Options_CommitteeVeto; target remains 2x. Options-only, no intervention: monthly ATM calls on strongest assets, max 50% premium at risk."
2025-11-01,Options_RiskRules,"{'weights': {'SPY': 0.6, 'TLT': 0.2}, 'options': [], 'reason': 'Mechanical risk rules: 2x reached, lock gains into SPY/TLT and cash.'}","Options_RiskRules: chasing Options_CommitteeVeto; target remains 2x. Mechanical risk rules: 2x reached, lock gains into SPY/TLT and cash."
2025-11-01,Options_HumanOverseer,"{'weights': {'SPY': 0.5, 'TLT': 0.25, 'GLD': 0.1}, 'options': [], 'reason': 'Human overseer: target reached, approve lock-in and reject new option premium.'}","Options_HumanOverseer: chasing Options_CommitteeVeto; target remains 2x. Human overseer: target reached, approve lock-in and reject new option premium."
2025-11-01,Options_CommitteeVeto,"{'weights': {'SPY': 0.55, 'TLT': 0.2, 'GLD': 0.1}, 'options': [], 'reason': 'Committee veto: 2x achieved; human risk manager locks gains.'}",Options_CommitteeVeto: leading now; preserving edge. Committee veto: 2x achieved; human risk manager locks gains.
2025-11-01,Anything_CrossAssetAgent,"{'weights': {'AMD': 0.19, 'PLTR': 0.19, 'AAPL': 0.19, 'AVGO': 0.19, 'QQQ': 0.19}, 'reason': 'Cross-asset relative strength: stocks, ETFs, bonds, gold, dollar, FX, crypto.'}","Anything_CrossAssetAgent: chasing Options_CommitteeVeto; target remains 2x. Cross-asset relative strength: stocks, ETFs, bonds, gold, dollar, FX, crypto."
2025-12-01,Human_SPY_BuyHold,"{'weights': {'SPY': 1.0}, 'reason': 'Static human-style benchmark.'}",Human_SPY_BuyHold: chasing Options_CommitteeVeto; target remains 2x. Static human-style benchmark.
2025-12-01,Human_QQQ_BuyHold,"{'weights': {'QQQ': 1.0}, 'reason': 'Static human-style benchmark.'}",Human_QQQ_BuyHold: chasing Options_CommitteeVeto; target remains 2x. Static human-style benchmark.
2025-12-01,Human_60_40,"{'weights': {'SPY': 0.6, 'TLT': 0.4}, 'reason': 'Static human-style benchmark.'}",Human_60_40: chasing Options_CommitteeVeto; target remains 2x. Static human-style benchmark.
2025-12-01,Normal_SectorStockAgent,"{'weights': {'LLY': 0.18, 'JNJ': 0.18, 'MRK': 0.18, 'AAPL': 0.18, 'AVGO': 0.18}, 'reason': 'Monthly sector momentum with cash buffer.'}",Normal_SectorStockAgent: chasing Options_CommitteeVeto; target remains 2x. Monthly sector momentum with cash buffer.
2025-12-01,OptionsOnly_NoIntervention,"{'weights': {}, 'options': [{'ticker': 'JNJ', 'allocation': 208.7828008970789, 'direction': 'call'}, {'ticker': 'LLY', 'allocation': 208.7828008970789, 'direction': 'call'}, {'ticker': 'MRK', 'allocation': 208.7828008970789, 'direction': 'call'}], 'reason': 'Options-only, no intervention: monthly ATM calls on strongest assets, max 50% premium at risk.'}","OptionsOnly_NoIntervention: chasing Options_CommitteeVeto; target remains 2x. Options-only, no intervention: monthly ATM calls on strongest assets, max 50% premium at risk."
2025-12-01,Options_RiskRules,"{'weights': {'SPY': 0.6, 'TLT': 0.2}, 'options': [], 'reason': 'Mechanical risk rules: 2x reached, lock gains into SPY/TLT and cash.'}","Options_RiskRules: chasing Options_CommitteeVeto; target remains 2x. Mechanical risk rules: 2x reached, lock gains into SPY/TLT and cash."
2025-12-01,Options_HumanOverseer,"{'weights': {'SPY': 0.5, 'TLT': 0.25, 'GLD': 0.1}, 'options': [], 'reason': 'Human overseer: target reached, approve lock-in and reject new option premium.'}","Options_HumanOverseer: chasing Options_CommitteeVeto; target remains 2x. Human overseer: target reached, approve lock-in and reject new option premium."
2025-12-01,Options_CommitteeVeto,"{'weights': {'SPY': 0.55, 'TLT': 0.2, 'GLD': 0.1}, 'options': [], 'reason': 'Committee veto: 2x achieved; human risk manager locks gains.'}",Options_CommitteeVeto: leading now; preserving edge. Committee veto: 2x achieved; human risk manager locks gains.
2025-12-01,Anything_CrossAssetAgent,"{'weights': {'JNJ': 0.19, 'XLV': 0.19, 'LLY': 0.19, 'MRK': 0.19, 'JPY=X': 0.19}, 'reason': 'Cross-asset relative strength: stocks, ETFs, bonds, gold, dollar, FX, crypto.'}","Anything_CrossAssetAgent: chasing Options_CommitteeVeto; target remains 2x. Cross-asset relative strength: stocks, ETFs, bonds, gold, dollar, FX, crypto."
2026-01-01,Human_SPY_BuyHold,"{'weights': {'SPY': 1.0}, 'reason': 'Static human-style benchmark.'}",Human_SPY_BuyHold: chasing Options_CommitteeVeto; target remains 2x. Static human-style benchmark.
2026-01-01,Human_QQQ_BuyHold,"{'weights': {'QQQ': 1.0}, 'reason': 'Static human-style benchmark.'}",Human_QQQ_BuyHold: chasing Options_CommitteeVeto; target remains 2x. Static human-style benchmark.
2026-01-01,Human_60_40,"{'weights': {'SPY': 0.6, 'TLT': 0.4}, 'reason': 'Static human-style benchmark.'}",Human_60_40: chasing Options_CommitteeVeto; target remains 2x. Static human-style benchmark.
2026-01-01,Normal_SectorStockAgent,"{'weights': {'LLY': 0.18, 'MRK': 0.18, 'BAC': 0.18, 'JPM': 0.18, 'JNJ': 0.18}, 'reason': 'Monthly sector momentum with cash buffer.'}",Normal_SectorStockAgent: chasing Options_CommitteeVeto; target remains 2x. Monthly sector momentum with cash buffer.
2026-01-01,OptionsOnly_NoIntervention,"{'weights': {}, 'options': [{'ticker': 'LLY', 'allocation': 119.95065223673943, 'direction': 'call'}, {'ticker': 'MRK', 'allocation': 119.95065223673943, 'direction': 'call'}, {'ticker': 'BAC', 'allocation': 119.95065223673943, 'direction': 'call'}], 'reason': 'Options-only, no intervention: monthly ATM calls on strongest assets, max 50% premium at risk.'}","OptionsOnly_NoIntervention: chasing Options_CommitteeVeto; target remains 2x. Options-only, no intervention: monthly ATM calls on strongest assets, max 50% premium at risk."
2026-01-01,Options_RiskRules,"{'weights': {'SPY': 0.6, 'TLT': 0.2}, 'options': [], 'reason': 'Mechanical risk rules: 2x reached, lock gains into SPY/TLT and cash.'}","Options_RiskRules: chasing Options_CommitteeVeto; target remains 2x. Mechanical risk rules: 2x reached, lock gains into SPY/TLT and cash."
2026-01-01,Options_HumanOverseer,"{'weights': {'SPY': 0.5, 'TLT': 0.25, 'GLD': 0.1}, 'options': [], 'reason': 'Human overseer: target reached, approve lock-in and reject new option premium.'}","Options_HumanOverseer: chasing Options_CommitteeVeto; target remains 2x. Human overseer: target reached, approve lock-in and reject new option premium."
2026-01-01,Options_CommitteeVeto,"{'weights': {'SPY': 0.55, 'TLT': 0.2, 'GLD': 0.1}, 'options': [], 'reason': 'Committee veto: 2x achieved; human risk manager locks gains.'}",Options_CommitteeVeto: leading now; preserving edge. Committee veto: 2x achieved; human risk manager locks gains.
2026-01-01,Anything_CrossAssetAgent,"{'weights': {'LLY': 0.19, 'XLV': 0.19, 'GLD': 0.19, 'MRK': 0.19, 'XLF': 0.19}, 'reason': 'Cross-asset relative strength: stocks, ETFs, bonds, gold, dollar, FX, crypto.'}","Anything_CrossAssetAgent: chasing Options_CommitteeVeto; target remains 2x. Cross-asset relative strength: stocks, ETFs, bonds, gold, dollar, FX, crypto."
2026-02-01,Human_SPY_BuyHold,"{'weights': {'SPY': 1.0}, 'reason': 'Static human-style benchmark.'}",Human_SPY_BuyHold: chasing Options_CommitteeVeto; target remains 2x. Static human-style benchmark.
2026-02-01,Human_QQQ_BuyHold,"{'weights': {'QQQ': 1.0}, 'reason': 'Static human-style benchmark.'}",Human_QQQ_BuyHold: chasing Options_CommitteeVeto; target remains 2x. Static human-style benchmark.
2026-02-01,Human_60_40,"{'weights': {'SPY': 0.6, 'TLT': 0.4}, 'reason': 'Static human-style benchmark.'}",Human_60_40: chasing Options_CommitteeVeto; target remains 2x. Static human-style benchmark.
2026-02-01,Normal_SectorStockAgent,"{'weights': {'JNJ': 0.18, 'XOM': 0.18, 'AMD': 0.18, 'PFE': 0.18, 'NVDA': 0.18}, 'reason': 'Monthly sector momentum with cash buffer.'}",Normal_SectorStockAgent: chasing Options_CommitteeVeto; target remains 2x. Monthly sector momentum with cash buffer.
2026-02-01,OptionsOnly_NoIntervention,"{'weights': {}, 'options': [{'ticker': 'JNJ', 'allocation': 71.96926902229244, 'direction': 'call'}, {'ticker': 'XOM', 'allocation': 71.96926902229244, 'direction': 'call'}, {'ticker': 'AMD', 'allocation': 71.96926902229244, 'direction': 'call'}], 'reason': 'Options-only, no intervention: monthly ATM calls on strongest assets, max 50% premium at risk.'}","OptionsOnly_NoIntervention: chasing Options_CommitteeVeto; target remains 2x. Options-only, no intervention: monthly ATM calls on strongest assets, max 50% premium at risk."
2026-02-01,Options_RiskRules,"{'weights': {'SPY': 0.6, 'TLT': 0.2}, 'options': [], 'reason': 'Mechanical risk rules: 2x reached, lock gains into SPY/TLT and cash.'}","Options_RiskRules: chasing Options_CommitteeVeto; target remains 2x. Mechanical risk rules: 2x reached, lock gains into SPY/TLT and cash."
2026-02-01,Options_HumanOverseer,"{'weights': {'SPY': 0.5, 'TLT': 0.25, 'GLD': 0.1}, 'options': [], 'reason': 'Human overseer: target reached, approve lock-in and reject new option premium.'}","Options_HumanOverseer: chasing Options_CommitteeVeto; target remains 2x. Human overseer: target reached, approve lock-in and reject new option premium."
2026-02-01,Options_CommitteeVeto,"{'weights': {'SPY': 0.55, 'TLT': 0.2, 'GLD': 0.1}, 'options': [], 'reason': 'Committee veto: 2x achieved; human risk manager locks gains.'}",Options_CommitteeVeto: leading now; preserving edge. Committee veto: 2x achieved; human risk manager locks gains.
2026-02-01,Anything_CrossAssetAgent,"{'weights': {'XOM': 0.19, 'JNJ': 0.19, 'XLE': 0.19, 'EURUSD=X': 0.19, 'GLD': 0.19}, 'reason': 'Cross-asset relative strength: stocks, ETFs, bonds, gold, dollar, FX, crypto.'}","Anything_CrossAssetAgent: chasing Options_CommitteeVeto; target remains 2x. Cross-asset relative strength: stocks, ETFs, bonds, gold, dollar, FX, crypto."
2026-03-01,Human_SPY_BuyHold,"{'weights': {'SPY': 1.0}, 'reason': 'Static human-style benchmark.'}",Human_SPY_BuyHold: chasing Options_CommitteeVeto; target remains 2x. Static human-style benchmark.
2026-03-01,Human_QQQ_BuyHold,"{'weights': {'QQQ': 1.0}, 'reason': 'Static human-style benchmark.'}",Human_QQQ_BuyHold: chasing Options_CommitteeVeto; target remains 2x. Static human-style benchmark.
2026-03-01,Human_60_40,"{'weights': {'SPY': 0.6, 'TLT': 0.4}, 'reason': 'Static human-style benchmark.'}",Human_60_40: chasing Options_CommitteeVeto; target remains 2x. Static human-style benchmark.
2026-03-01,Normal_SectorStockAgent,"{'weights': {'JNJ': 0.18, 'XOM': 0.18, 'MRK': 0.18, 'PFE': 0.18, 'ABBV': 0.18}, 'reason': 'Monthly sector momentum with cash buffer.'}",Normal_SectorStockAgent: chasing Options_CommitteeVeto; target remains 2x. Monthly sector momentum with cash buffer.
2026-03-01,OptionsOnly_NoIntervention,"{'weights': {}, 'options': [{'ticker': 'JNJ', 'allocation': 81.28241069425083, 'direction': 'call'}, {'ticker': 'XOM', 'allocation': 81.28241069425083, 'direction': 'call'}, {'ticker': 'MRK', 'allocation': 81.28241069425083, 'direction': 'call'}], 'reason': 'Options-only, no intervention: monthly ATM calls on strongest assets, max 50% premium at risk.'}","OptionsOnly_NoIntervention: chasing Options_CommitteeVeto; target remains 2x. Options-only, no intervention: monthly ATM calls on strongest assets, max 50% premium at risk."
2026-03-01,Options_RiskRules,"{'weights': {'SPY': 0.6, 'TLT': 0.2}, 'options': [], 'reason': 'Mechanical risk rules: 2x reached, lock gains into SPY/TLT and cash.'}","Options_RiskRules: chasing Options_CommitteeVeto; target remains 2x. Mechanical risk rules: 2x reached, lock gains into SPY/TLT and cash."
2026-03-01,Options_HumanOverseer,"{'weights': {'SPY': 0.5, 'TLT': 0.25, 'GLD': 0.1}, 'options': [], 'reason': 'Human overseer: target reached, approve lock-in and reject new option premium.'}","Options_HumanOverseer: chasing Options_CommitteeVeto; target remains 2x. Human overseer: target reached, approve lock-in and reject new option premium."
2026-03-01,Options_CommitteeVeto,"{'weights': {'SPY': 0.55, 'TLT': 0.2, 'GLD': 0.1}, 'options': [], 'reason': 'Committee veto: 2x achieved; human risk manager locks gains.'}",Options_CommitteeVeto: leading now; preserving edge. Committee veto: 2x achieved; human risk manager locks gains.
2026-03-01,Anything_CrossAssetAgent,"{'weights': {'XLE': 0.19, 'JNJ': 0.19, 'TLT': 0.19, 'XOM': 0.19, 'PFE': 0.19}, 'reason': 'Cross-asset relative strength: stocks, ETFs, bonds, gold, dollar, FX, crypto.'}","Anything_CrossAssetAgent: chasing Options_CommitteeVeto; target remains 2x. Cross-asset relative strength: stocks, ETFs, bonds, gold, dollar, FX, crypto."
2026-04-01,Human_SPY_BuyHold,"{'weights': {'SPY': 1.0}, 'reason': 'Static human-style benchmark.'}",Human_SPY_BuyHold: chasing Options_CommitteeVeto; target remains 2x. Static human-style benchmark.
2026-04-01,Human_QQQ_BuyHold,"{'weights': {'QQQ': 1.0}, 'reason': 'Static human-style benchmark.'}",Human_QQQ_BuyHold: chasing Options_CommitteeVeto; target remains 2x. Static human-style benchmark.
2026-04-01,Human_60_40,"{'weights': {'SPY': 0.6, 'TLT': 0.4}, 'reason': 'Static human-style benchmark.'}",Human_60_40: chasing Options_CommitteeVeto; target remains 2x. Static human-style benchmark.
2026-04-01,Normal_SectorStockAgent,"{'weights': {'XOM': 0.18, 'MRK': 0.18, 'JNJ': 0.18, 'PFE': 0.18, 'JPM': 0.18}, 'reason': 'Monthly sector momentum with cash buffer.'}",Normal_SectorStockAgent: chasing Options_CommitteeVeto; target remains 2x. Monthly sector momentum with cash buffer.
2026-04-01,OptionsOnly_NoIntervention,"{'weights': {}, 'options': [{'ticker': 'XOM', 'allocation': 77.77096865557336, 'direction': 'call'}, {'ticker': 'MRK', 'allocation': 77.77096865557336, 'direction': 'call'}, {'ticker': 'JNJ', 'allocation': 77.77096865557336, 'direction': 'call'}], 'reason': 'Options-only, no intervention: monthly ATM calls on strongest assets, max 50% premium at risk.'}","OptionsOnly_NoIntervention: chasing Options_CommitteeVeto; target remains 2x. Options-only, no intervention: monthly ATM calls on strongest assets, max 50% premium at risk."
2026-04-01,Options_RiskRules,"{'weights': {'SPY': 0.6, 'TLT': 0.2}, 'options': [], 'reason': 'Mechanical risk rules: 2x reached, lock gains into SPY/TLT and cash.'}","Options_RiskRules: chasing Options_CommitteeVeto; target remains 2x. Mechanical risk rules: 2x reached, lock gains into SPY/TLT and cash."
2026-04-01,Options_HumanOverseer,"{'weights': {'SPY': 0.5, 'TLT': 0.25, 'GLD': 0.1}, 'options': [], 'reason': 'Human overseer: target reached, approve lock-in and reject new option premium.'}","Options_HumanOverseer: chasing Options_CommitteeVeto; target remains 2x. Human overseer: target reached, approve lock-in and reject new option premium."
2026-04-01,Options_CommitteeVeto,"{'weights': {'SPY': 0.55, 'TLT': 0.2, 'GLD': 0.1}, 'options': [], 'reason': 'Committee veto: 2x achieved; human risk manager locks gains.'}",Options_CommitteeVeto: leading now; preserving edge. Committee veto: 2x achieved; human risk manager locks gains.
2026-04-01,Anything_CrossAssetAgent,"{'weights': {'XLE': 0.19, 'XOM': 0.19, 'MRK': 0.19, 'UUP': 0.19, 'JPY=X': 0.19}, 'reason': 'Cross-asset relative strength: stocks, ETFs, bonds, gold, dollar, FX, crypto.'}","Anything_CrossAssetAgent: chasing Options_CommitteeVeto; target remains 2x. Cross-asset relative strength: stocks, ETFs, bonds, gold, dollar, FX, crypto."
2026-05-01,Human_SPY_BuyHold,"{'weights': {'SPY': 1.0}, 'reason': 'Static human-style benchmark.'}",Human_SPY_BuyHold: chasing Options_CommitteeVeto; target remains 2x. Static human-style benchmark.
2026-05-01,Human_QQQ_BuyHold,"{'weights': {'QQQ': 1.0}, 'reason': 'Static human-style benchmark.'}",Human_QQQ_BuyHold: chasing Options_CommitteeVeto; target remains 2x. Static human-style benchmark.
2026-05-01,Human_60_40,"{'weights': {'SPY': 0.6, 'TLT': 0.4}, 'reason': 'Static human-style benchmark.'}",Human_60_40: chasing Options_CommitteeVeto; target remains 2x. Static human-style benchmark.
2026-05-01,Normal_SectorStockAgent,"{'weights': {'QQQ': 0.18, 'AMD': 0.18, 'UNH': 0.18, 'AVGO': 0.18, 'V': 0.18}, 'reason': 'Monthly sector momentum with cash buffer.'}",Normal_SectorStockAgent: chasing Options_CommitteeVeto; target remains 2x. Monthly sector momentum with cash buffer.
2026-05-01,OptionsOnly_NoIntervention,"{'weights': {}, 'options': [{'ticker': 'QQQ', 'allocation': 38.88548432778668, 'direction': 'call'}, {'ticker': 'AMD', 'allocation': 38.88548432778668, 'direction': 'call'}, {'ticker': 'UNH', 'allocation': 38.88548432778668, 'direction': 'call'}], 'reason': 'Options-only, no intervention: monthly ATM calls on strongest assets, max 50% premium at risk.'}","OptionsOnly_NoIntervention: chasing Options_CommitteeVeto; target remains 2x. Options-only, no intervention: monthly ATM calls on strongest assets, max 50% premium at risk."
2026-05-01,Options_RiskRules,"{'weights': {'SPY': 0.6, 'TLT': 0.2}, 'options': [], 'reason': 'Mechanical risk rules: 2x reached, lock gains into SPY/TLT and cash.'}","Options_RiskRules: chasing Options_CommitteeVeto; target remains 2x. Mechanical risk rules: 2x reached, lock gains into SPY/TLT and cash."
2026-05-01,Options_HumanOverseer,"{'weights': {'SPY': 0.5, 'TLT': 0.25, 'GLD': 0.1}, 'options': [], 'reason': 'Human overseer: target reached, approve lock-in and reject new option premium.'}","Options_HumanOverseer: chasing Options_CommitteeVeto; target remains 2x. Human overseer: target reached, approve lock-in and reject new option premium."
2026-05-01,Options_CommitteeVeto,"{'weights': {'SPY': 0.55, 'TLT': 0.2, 'GLD': 0.1}, 'options': [], 'reason': 'Committee veto: 2x achieved; human risk manager locks gains.'}",Options_CommitteeVeto: leading now; preserving edge. Committee veto: 2x achieved; human risk manager locks gains.
2026-05-01,Anything_CrossAssetAgent,"{'weights': {'QQQ': 0.19, 'AMD': 0.19, 'UNH': 0.19, 'XLK': 0.19, 'AVGO': 0.19}, 'reason': 'Cross-asset relative strength: stocks, ETFs, bonds, gold, dollar, FX, crypto.'}","Anything_CrossAssetAgent: chasing Options_CommitteeVeto; target remains 2x. Cross-asset relative strength: stocks, ETFs, bonds, gold, dollar, FX, crypto."
